id,nome_do_produto,marca,valor_de_custo,valor_de_venda,quantidade,codigo_interno,codigo_ncm,codigo_cfop,codigo_cest,origem_cst,descricao,CNPJ
1,"PICADOR DE LEGUMES MÉDIO ",COLOMBO,0.00,185.00,5,0,0,0,0,0,_,NUTRIGEL
2,"PICADOR DE LEGUMES GRANDE",COLOMBO,233.00,233.00,9,0,0,0,0,0,_,NUTRIGEL
3,"PICADOR DE LEGUMES PEQUENO",COLOMBO,115.00,115.00,6,0,0,0,0,0,_,NUTRIGEL
4,"PICADOR DE LEGUMES GRANDE DE MESA",VITALEX,0.00,0.00,2,0,0,0,0,0,_,NUTRIGEL
5,"PICADOR DE LEGUMES DE PAREDE - FIXO",VITALEX,0.00,233.00,2,0,0,0,0,0,_,NUTRIGEL
6,"PICADOR DE CARNES BOCA 22",CAF,0.00,5044.00,4,0,0,0,0,0,_,NUTRIGEL
7,"ESTUFA EVR 04 BANDEJAS LINEAR SEM LED BP 127V",TITÃ,0.00,0.00,2,0,0,0,0,0,_,NUTRIGEL
8,"ESTUFA EVR 04 BANDEJAS LINEAR COM LED  LP 127V",TITÃ,0.00,0.00,2,0,0,0,0,0,_,NUTRIGEL
9,"ESTUFA EVR 04 BANDEJAS LINEAR SEM LED BP 220V",TITÃ,0.00,0.00,0,0,0,0,0,0,_,NUTRIGEL
10,"ESTUFA EVR 04 BANDEJAS LINEAR COM LED  LP 220V",TITÃ,0.00,0.00,0,0,0,0,0,0,_,NUTRIGEL
11,"ESTUFA EVR 06 BANDEJAS DUPLAS SEM LED BP 127V",TITÃ,0.00,0.00,1,0,0,0,0,0,_,NUTRIGEL
12,"ESTUFA EVR 06 BANDEJAS DUPLAS COM LED LP 127V",TITÃ,0.00,0.00,0,0,0,0,0,0,_,NUTRIGEL
13,"ESTUFA EVR 06 BANDEJAS DUPLAS SEM LED BP 220V",TITÃ,0.00,0.00,0,0,0,0,0,0,_,NUTRIGEL
14,"ESTUFA EVR 06 BANDEJAS DUPLAS COM LED LP 220V",TITÃ,0.00,0.00,0,0,0,0,0,0,_,NUTRIGEL
15,"ESTUFA EVR 06 BANDEJAS LINEAR SEM LED BP 127V",TITÃ,0.00,0.00,3,0,0,0,0,0,_,NUTRIGEL
16,"ESTUFA EVR 06 BANDEJAS LINEAR COM LED LP 127V",TITÃ,0.00,0.00,1,0,0,0,0,0,_,NUTRIGEL
17,"ESTUFA EVR 06 BANDEJAS LINEAR SEM LED BP 220V",TITÃ,0.00,0.00,0,0,0,0,0,0,_,NUTRIGEL
18,"ESTUFA EVR 06 BANDEJAS LINEAR COM LED LP 220V",TITÃ,0.00,0.00,0,0,0,0,0,0,_,NUTRIGEL
19,"ESTUFA EVR 05 BANDEJAS LINEAR SEM LED BP 127V",TITÃ,0.00,0.00,1,0,0,0,0,0,_,NUTRIGEL
20,"ESTUFA EVR 05 BANDEJAS LINEAR COM LED LP 127V",TITÃ,0.00,0.00,1,0,0,0,0,0,_,NUTRIGEL
21,"ESTUFA EVR 05 BANDEJAS LINEAR SEM LED BP 220V",TITÃ,0.00,0.00,0,0,0,0,0,0,_,NUTRIGEL
22,"ESTUFA EVR 05 BANDEJAS LINEAR COM LED LP 220V",TITÃ,0.00,0.00,0,0,0,0,0,0,_,NUTRIGEL
23,"ESTUFA EVR 12 BANDEJAS DUPLAS SEM LED BP 127V",TITÃ,0.00,0.00,0,0,0,0,0,0,_,NUTRIGEL
24,"ESTUFA EVR 12 BANDEJAS DUPLAS COM LED LP 127V",TITÃ,0.00,0.00,3,0,0,0,0,0,_,NUTRIGEL
25,"ESTUFA EVR 12 BANDEJAS DUPLAS SEM LED BP 220V",TITÃ,0.00,0.00,0,0,0,0,0,0,_,NUTRIGEL
26,"ESTUFA EVR 12 BANDEJAS DUPLAS COM LED LP 220V",TITÃ,0.00,0.00,0,0,0,0,0,0,_,NUTRIGEL
27,"ESTUFA EVR 10 BANDEJAS DUPLAS SEM LED BP 127V",TITÃ,0.00,0.00,1,0,0,0,0,0,_,NUTRIGEL
28,"ESTUFA EVR 10 BANDEJAS DUPLAS COM LED LP 127V",TITÃ,0.00,0.00,3,0,0,0,0,0,_,NUTRIGEL
29,"ESTUFA EVR 10 BANDEJAS DUPLAS SEM LED BP 220V",TITÃ,0.00,0.00,0,0,0,0,0,0,_,NUTRIGEL
30,"ESTUFA EVR 10 BANDEJAS DUPLAS COM LED LP 220V",TITÃ,0.00,0.00,0,0,0,0,0,0,_,NUTRIGEL
31,"ESTUFA EVR 08 BANDEJAS DUPLAS SEM LED BP 127V",TITÃ,0.00,0.00,2,0,0,0,0,0,_,NUTRIGEL
32,"ESTUFA EVR 08 BANDEJAS DUPLAS COM LED LP 127V",TITÃ,0.00,0.00,1,0,0,0,0,0,_,NUTRIGEL
33,"ESTUFA EVR 08 BANDEJAS DUPLAS SEM LED BP 220V",TITÃ,0.00,0.00,0,0,0,0,0,0,_,NUTRIGEL
34,"ESTUFA EVR 08 BANDEJAS DUPLAS COM LED LP 220V",TITÃ,0.00,0.00,0,0,0,0,0,0,_,NUTRIGEL
35,"ESTUFA W 08 BAANDEJAS DUPLAS SEM LED 127V",TITÃ,0.00,0.00,1,0,0,0,0,0,_,NUTRIGEL
36,"ESTUFA W 08 BANDEJAS DUPLAS SEM LED 220V",TITÃ,0.00,0.00,0,0,0,0,0,0,_,NUTRIGEL
37,"ESTUFA W 06 BANDEJAS DUPLAS SEM LED 127V",TITÃ,0.00,0.00,1,0,0,0,0,0,_,NUTRIGEL
38,"ESTUFA W 06 BANDEJAS DUPLAS SEM LED 220V",TITÃ,0.00,0.00,0,0,0,0,0,0,_,NUTRIGEL
39,"TACHO DE FRITURA ELÉTRICO PR-14E 220V",PROGAS,0.00,0.00,2,0,0,0,0,0,_,NUTRIGEL
40,"TACHO DE FRITURA ELÉTRICO PR-14E 127V",PROGAS,0.00,0.00,0,0,0,0,0,0,_,NUTRIGEL
41,"TACHO DE FRITURA ELÉTRICO PR-310E 220V",PROGAS,0.00,0.00,7,0,0,0,0,0,_,NUTRIGEL
42,"TACHO DE FRITURA ELÉTRICO PR-310E 127V",PROGAS,0.00,0.00,0,0,0,0,0,0,_,NUTRIGEL
43,"TACHO DE FRITURA ELÉTRICO PR-90E 127V",PROGAS,0.00,0.00,1,0,0,0,0,0,_,NUTRIGEL
44,"TACHO DE FRITURA ELÉTRICO PR-90E 220V",PROGAS,0.00,0.00,0,0,0,0,0,0,_,NUTRIGEL
45,"TACHO DE FRITURA A GAS PR-70G",PROGAS,0.00,0.00,1,0,0,0,0,0,_,NUTRIGEL
46,"TACHO DE FRITURA A GAS PR-310G",PROGAS,0.00,0.00,1,0,0,0,0,0,_,NUTRIGEL
47,"TACHO DE FRITURA A GAS 7LTS",VENANCIO,0.00,0.00,1,0,0,0,0,0,_,NUTRIGEL
48,"LIXEIRA COM PEDAL REDONDA 40LTS",JSN,0.00,254.00,7,0,0,0,0,0,_,NUTRIGEL
49,"LIXEIRA COM PEDAL REDONDA 60LTS",JSN,0.00,288.00,1,0,0,0,0,0,_,NUTRIGEL
50,"LIXEIRA COM PEDAL REDONDA 100LTS",JSN,0.00,358.00,0,0,0,0,0,0,_,NUTRIGEL
51,"LIXEIRA COM PEDAL REDONDA 40LTS",JSN,0.00,210.00,4,0,0,0,0,0,_,NUTRIGEL
52,"LIXEIRA VAI E VEM COR VERDE",ELDORADO,0.00,65.00,2,0,0,0,0,0,_,NUTRIGEL
53,"LIXEIRA VAI E VEM COR BRANCO",BOLIVAR,0.00,90.00,4,0,0,0,0,0,_,NUTRIGEL
54,"CHAPA BIFETEIRA PR-800G",PROGAS,0.00,0.00,1,0,0,0,0,0,_,NUTRIGEL
55,"CHAPA BIFETEIRA PR-650G",PROGAS,0.00,0.00,0,0,0,0,0,0,_,NUTRIGEL
56,"CHAPA BIFETEIRA PR-1200G",PROGAS,0.00,0.00,0,0,0,0,0,0,_,NUTRIGEL
57,"CHAPA BIFETEIRA PR-1000G",PROGAS,0.00,0.00,0,0,0,0,0,0,_,NUTRIGEL
58,"CHAPA BIFETEIRA PROFISSIONAL 03 QUEIMADORES",MARCHESONI,0.00,0.00,1,0,0,0,0,0,_,NUTRIGEL
59,"LIXEIRA RETANGULAR 100LTS COM PEDAL COR BRANCO",BOLIVAR,0.00,0.00,6,0,0,0,0,0,_,NUTRIGEL
60,"LIXEIRA RETANGULAR 50LTS COM PEDAL COR BRANCO",BOLIVAR,0.00,0.00,1,0,0,0,0,0,_,NUTRIGEL
61,"LIXEIRA RETANGULAR 25LTS COM PEDAL COR BRANCO",BOLIVAR,0.00,0.00,3,0,0,0,0,0,_,NUTRIGEL
62,"LIXEIRA RETANGULAR 100LTS COM PEDAL COR PRETO",BOLIVAR,0.00,0.00,0,0,0,0,0,0,_,NUTRIGEL
63,"LIXEIRA RETANGULAR 50LTS COM PEDAL COR PRETO",BOLIVAR,0.00,0.00,0,0,0,0,0,0,_,NUTRIGEL
64,"LIXEIRA RETANGULAR 25LTS COM PEDAL COR PRETO",BOLIVAR,0.00,0.00,0,0,0,0,0,0,_,NUTRIGEL
65,"CONTENTOR 240LTS COM RODAS COM PEDAL COR BRANCO",BOLIVAR,0.00,0.00,2,0,0,0,0,0,_,NUTRIGEL
66,"CONTENTOR 240LTS COM RODAS COM PEDAL COR PRETO",BOLIVAR,0.00,0.00,1,0,0,0,0,0,_,NUTRIGEL
67,"CONTENTOR 120LTS COM RODAS COM PEDAL COR BRANCO",BOLIVAR,0.00,0.00,0,0,0,0,0,0,_,NUTRIGEL
68,"CONTENTOR 120LTS COM RODAS COM PEDAL COR PRETO",BOLIVAR,0.00,0.00,1,0,0,0,0,0,_,NUTRIGEL
69,"CONTENTOR 240LTS COM RODAS SEM PEDAL COR BRANCO",BOLIVAR,0.00,0.00,2,0,0,0,0,0,_,NUTRIGEL
70,"CONTENTOR 240LTS COM RODAS SEM PEDAL COR PRETO",BOLIVAR,0.00,0.00,0,0,0,0,0,0,_,NUTRIGEL
71,"CONTENTOR 120LTS COM RODAS SEM PEDAL COR BRANCO",BOLIVAR,0.00,0.00,0,0,0,0,0,0,_,NUTRIGEL
72,"CONTENTOR 120LTS COM RODAS SEM PEDAL COR PRETO",BOLIVAR,0.00,0.00,0,0,0,0,0,0,_,NUTRIGEL
73,"MESA DESMONTAVEL COR BRANCO",ELDORADO,0.00,0.00,1,0,0,0,0,0,_,NUTRIGEL
74,"MESA DESMONTAVEL COR PRETO",ELDORADO,0.00,0.00,5,0,0,0,0,0,_,NUTRIGEL
75,"LIXEIRA 105LTS COM TAMPA AZUL",ELDORADO,0.00,133.00,4,0,0,0,0,0,_,NUTRIGEL
76,"LIXEIRA 105LTS COM TAMPA AZUL",ELDORADO,0.00,133.00,4,0,0,0,0,0,_,NUTRIGEL
77,"LIXEIRA RETANGULAR 30LTS",JSN,0.00,94.00,1,0,0,0,0,0,_,NUTRIGEL
78,"FRITADEIRA AGUA E OLEO 18LTS SFAO-04 220V MESA",VENANCIO,0.00,1669.00,1,0,0,0,0,0,_,NUTRIGEL
79,"FRITADEIRA AGUA E OLEO 18LTS SFAO-04 127V MESA",VENANCIO,0.00,1669.00,0,0,0,0,0,0,_,NUTRIGEL
80,"FRITADEIRA FZM 220V",SKYMSEN,0.00,0.00,2,0,0,0,0,0,_,NUTRIGEL
81,"FRITADEIRA FZM 127V",SKYMSEN,0.00,0.00,0,0,0,0,0,0,_,NUTRIGEL
82,"FRITADEIRA FE10N 127V",SKYMSEN,0.00,0.00,2,0,0,0,0,0,_,NUTRIGEL
83,"FRITADEIRA FE10N 220V",SKYMSEN,0.00,0.00,0,0,0,0,0,0,_,NUTRIGEL
84,"FRITADEIRA PR-100E 127V",PROGAS,0.00,0.00,2,0,0,0,0,0,_,NUTRIGEL
85,"FRITADEIRA PR-100E 220V",PROGAS,0.00,0.00,0,0,0,0,0,0,_,NUTRIGEL
86,"FRITADEIRA FC8 220V",SKYMSEN,0.00,0.00,1,0,0,0,0,0,_,NUTRIGEL
87,"FRITADEIRA PR-2000BPG",PROGAS,0.00,0.00,1,0,0,0,0,0,_,NUTRIGEL
88,"FRITADEIRA PR-3000BPG",PROGAS,0.00,0.00,1,0,0,0,0,0,_,NUTRIGEL
89,"TRITURADOR DE MILHO",BOTINI,0.00,259.00,2,0,0,0,0,0,_,NUTRIGEL
90,"TRITURADOR DE CEREAIS",BOTINI,0.00,264.00,2,0,0,0,0,0,_,NUTRIGEL
91,"SELADORA DE MARMITEX",VITALEX,0.00,140.00,6,0,0,0,0,0,_,NUTRIGEL
92,"AMASSADOR DE BATATAS MÉDIO",VITALEX,0.00,312.00,5,0,0,0,0,0,_,NUTRIGEL
93,"AMASSADOR DE BATATAS GRANDE",VITALEX,0.00,320.00,4,0,0,0,0,0,_,NUTRIGEL
94,"RALADOR DE COCO E QUEIJO MANUAL",BOTINI,0.00,250.00,1,0,0,0,0,0,_,NUTRIGEL
95,"RALADOR DE COUVE MANUAL",VITALEX,0.00,159.00,1,0,0,0,0,0,_,NUTRIGEL
96,"DESCASCADOR DE CAFÉ ",BOTINI,0.00,0.00,1,0,0,0,0,0,_,NUTRIGEL
97,"MOEDOR DE CAFÉ ELÉTRICO BIVOLT",ARBEL,0.00,0.00,1,0,0,0,0,0,_,NUTRIGEL
98,"TACHO DE FRITURA A GÁS COM PÉ 18",CEFAZ,0.00,0.00,1,0,0,0,0,0,_,NUTRIGEL
99,"TACHO DE FRITURA A GÁS COM PÉ 20",CEFAZ,0.00,0.00,1,0,0,0,0,0,_,NUTRIGEL
100,"BALEIRO DE VIDRO TRIPLO 15 DIVISÕES",ABALK,0.00,0.00,1,0,0,0,0,0,_,NUTRIGEL
101,"BALEIRO DE VIDRO TRIPLO 12 DIVISÕES",ABALK,0.00,0.00,1,0,0,0,0,0,_,NUTRIGEL
102,"BALEIRO DE VIDRO DUPLO 08 DIVISÕES",ABALK,0.00,0.00,2,0,0,0,0,0,_,NUTRIGEL
103,"BALEIRO DE VIDRO DUPLO 10 DIVISÕES",ABALK,0.00,0.00,0,0,0,0,0,0,_,NUTRIGEL
104,"BALEIRO DE VIDRO LINEAR 06 DIVISÕES",ABALK,0.00,0.00,1,0,0,0,0,0,_,NUTRIGEL
105,"BALEIRO FIXO 06 BOCAS COR AMARELO",TOK,0.00,0.00,1,0,0,0,0,0,_,NUTRIGEL
106,"BALEIRO FIXO 06 BOCAS COR VERDE",TOK,0.00,0.00,1,0,0,0,0,0,_,NUTRIGEL
107,"BALEIRO FIXO 06 BOCAS COR VERMELHO",TOK,0.00,0.00,0,0,0,0,0,0,_,NUTRIGEL
108,"BALEIRO FIXO 04 BOCAS COR AMARELO",TOK,0.00,0.00,0,0,0,0,0,0,_,NUTRIGEL
109,"BALEIRO FIXO 04 BOCAS COR VERDE",TOK,0.00,0.00,1,0,0,0,0,0,_,NUTRIGEL
110,"BALEIRO FIXO 04 BOCAS COR VERMELHO",TOK,0.00,0.00,1,0,0,0,0,0,_,NUTRIGEL
111,"BALEIRO GIRATÓRIO 05 BOCAS COR VERDE",TOK,0.00,0.00,2,0,0,0,0,0,_,NUTRIGEL
112,"BALEIRO GIRATÓRIO 05 BOCAS COR VERMELHO",TOK,0.00,0.00,1,0,0,0,0,0,_,NUTRIGEL
113,"BALEIRO GIRATÓRIO 05 BOCAS COR AMARELO",TOK,0.00,0.00,1,0,0,0,0,0,_,NUTRIGEL
114,"BALEIRO GIRATÓRIO 05 BOCAS COR AZUL",TOK,0.00,0.00,2,0,0,0,0,0,_,NUTRIGEL
115,"BALEIRO GIRATÓRIO 10 BOCAS COR VERDE",TOK,0.00,0.00,2,0,0,0,0,0,_,NUTRIGEL
116,"BALEIRO GIRATÓRIO 10 BOCAS COR VERMELHO",TOK,0.00,0.00,0,0,0,0,0,0,_,NUTRIGEL
117,"BALEIRO GIRATÓRIO 10 BOCAS COR AMARELO",TOK,0.00,0.00,0,0,0,0,0,0,_,NUTRIGEL
118,"BALEIRO GIRATÓRIO 10 BOCAS COR AZUL",TOK,0.00,0.00,1,0,0,0,0,0,_,NUTRIGEL
119,"BALEIRO GIRATÓRIO 15 BOCAS COR VERDE",TOK,0.00,0.00,0,0,0,0,0,0,_,NUTRIGEL
120,"BALEIRO GIRATÓRIO 15 BOCAS COR VERMELHO",TOK,0.00,0.00,0,0,0,0,0,0,_,NUTRIGEL
121,"BALEIRO GIRATÓRIO 15 BOCAS COR AMARELO",TOK,0.00,0.00,0,0,0,0,0,0,_,NUTRIGEL
122,"BALEIRO GIRATÓRIO 15 BOCAS COR AZUL",TOK,0.00,0.00,0,0,0,0,0,0,_,NUTRIGEL
123,"BATEDEIRA PLANETÁRIA  12LTS BPEL-12",PROGAS,0.00,0.00,0,0,0,0,0,0,_,NUTRIGEL
124,"LIQUIDIFICADOR INDUSTRIAL LS10 BIVOLT",SKYMSEN,0.00,0.00,3,0,0,0,0,0,_,NUTRIGEL
125,"LIQUIDIFICADOR INDUSTRIAL LS8 BIVOLT",SKYMSEN,0.00,0.00,2,0,0,0,0,0,_,NUTRIGEL
126,"LIQUIDIFICADOR INDUSTRIAL LS6 BIVOLT",SKYMSEN,0.00,0.00,3,0,0,0,0,0,_,NUTRIGEL
127,"LIQUIDIFICADOR INDUSTRIAL LS4 BIVOLT",SKYMSEN,0.00,0.00,3,0,0,0,0,0,_,NUTRIGEL
128,"LIQUIDIFICADOR INDUSTRIAL LS3 BIVOLT",SKYMSEN,0.00,0.00,1,0,0,0,0,0,_,NUTRIGEL
129,"LIQUIDIFICADOR INDUSTRIAL LS2 BIVOLT",SKYMSEN,0.00,0.00,1,0,0,0,0,0,_,NUTRIGEL
130,"LIQUIDIFICADOR INDUSTRIAL L10 BIVOLT",SKYMSEN,0.00,0.00,2,0,0,0,0,0,_,NUTRIGEL
131,"LIQUIDIFICADOR INDUSTRIAL L8 BIVOLT",SKYMSEN,0.00,0.00,2,0,0,0,0,0,_,NUTRIGEL
132,"LIQUIDIFICADOR INDUSTRIAL L6 BIVOLT",SKYMSEN,0.00,0.00,0,0,0,0,0,0,_,NUTRIGEL
133,"LIQUIDIFICADOR INDUSTRIAL L4 BIVOLT",SKYMSEN,0.00,0.00,0,0,0,0,0,0,_,NUTRIGEL
134,"LIQUIDIFICADOR INDUSTRIAL L3 BIVOLT",SKYMSEN,0.00,0.00,1,0,0,0,0,0,_,NUTRIGEL
135,"LIQUIDIFICADOR INDUSTRIAL L2 BIVOLT",SKYMSEN,0.00,0.00,0,0,0,0,0,0,_,NUTRIGEL
136,"LIQUIDIFICADOR INDUSTRIAL LC10 127V",SKYMSEN,0.00,0.00,0,0,0,0,0,0,_,NUTRIGEL
137,"LIQUIDIFICADOR INDUSTRIAL LC10 220V",SKYMSEN,0.00,0.00,0,0,0,0,0,0,_,NUTRIGEL
138,"LIQUIDIFICADOR INDUSTRIAL LC8 127V",SKYMSEN,0.00,0.00,0,0,0,0,0,0,_,NUTRIGEL
139,"LIQUIDIFICADOR INDUSTRIAL LC8 220V",SKYMSEN,0.00,0.00,0,0,0,0,0,0,_,NUTRIGEL
140,"LIQUIDIFICADOR INDUSTRIAL LC6 127V",SKYMSEN,0.00,0.00,0,0,0,0,0,0,_,NUTRIGEL
141,"LIQUIDIFICADOR INDUSTRIAL LC6 220V",SKYMSEN,0.00,0.00,0,0,0,0,0,0,_,NUTRIGEL
142,"LIQUIDIFICADOR INDUSTRIAL LC4 127V",SKYMSEN,0.00,0.00,1,0,0,0,0,0,_,NUTRIGEL
143,"LIQUIDIFICADOR INDUSTRIAL LC4 220V",SKYMSEN,0.00,0.00,0,0,0,0,0,0,_,NUTRIGEL
144,"LIQUIDIFICADOR INDUSTRIAL LC3 127V",SKYMSEN,0.00,0.00,0,0,0,0,0,0,_,NUTRIGEL
145,"LIQUIDIFICADOR INDUSTRIAL LC3 220V",SKYMSEN,0.00,0.00,0,0,0,0,0,0,_,NUTRIGEL
146,"LIQUIDIFICADOR INDUSTRIAL LC2 127V",SKYMSEN,0.00,0.00,0,0,0,0,0,0,_,NUTRIGEL
147,"LIQUIDIFICADOR INDUSTRIAL LC2 220V",SKYMSEN,0.00,0.00,0,0,0,0,0,0,_,NUTRIGEL
148,"EXTRATOR DE SUCO EX BIVOLT",SKYMSEN,0.00,0.00,3,0,0,0,0,0,_,NUTRIGEL
149,"EXTRATOR DE SUCO EX SUPER BIVOLT",SKYMSEN,0.00,0.00,2,0,0,0,0,0,_,NUTRIGEL
150,"EXTRATOR DE SUCO ESB SUPER N BIVOLT",SKYMSEN,0.00,0.00,2,0,0,0,0,0,_,NUTRIGEL
151,"EXTRATOR DE SUCO EXB-N BIVOLT",SKYMSEN,0.00,0.00,2,0,0,0,0,0,_,NUTRIGEL
152,"MULTIPTOCESSADOR DE ALIMENTOS PA 7 PRO BIVOLT",SKYMSEN,0.00,0.00,2,0,0,0,0,0,_,NUTRIGEL
153,"LIQUIDIFICADOR INDUSTRIAL 3,5LTS BAIXA ROTAÇÃO",COLOMBO,0.00,0.00,1,0,0,0,0,0,_,NUTRIGEL
154,"LIQUIDIFICADOR INDUSTRIAL 2LTS BAIXA ROTAÇÃO",COLOMBO,0.00,0.00,1,0,0,0,0,0,_,NUTRIGEL
155,"LIQUIDIFICADOR INDUSTRIAL 2LTS LAR2 127V",METVISA,0.00,0.00,4,0,0,0,0,0,_,NUTRIGEL
156,"EXTRATOR DE SUCO ESL 127V",METVISA,0.00,0.00,1,0,0,0,0,0,_,NUTRIGEL
157,"LIQUIDIFICADOR INDUSTRIAL 6LTS LQL6 127V",METVISA,0.00,0.00,1,0,0,0,0,0,_,NUTRIGEL
158,"LIQUIDIFICADOR INDUSTRIAL 4LTS LQL4 127V",METVISA,0.00,0.00,0,0,0,0,0,0,_,NUTRIGEL
159,"EXTRATOR DE SUCO PEQUENO",COLOMBO,0.00,0.00,8,0,0,0,0,0,_,NUTRIGEL
160,"PANELA DE PRESSÃO FECHAMENTO EXTERNO 20LTS",NIGRO,0.00,0.00,1,0,0,0,0,0,_,NUTRIGEL
161,"PANELA DE PRESSÃO FECHAMENTO EXTERNO 15LTS",NIGRO,0.00,0.00,1,0,0,0,0,0,_,NUTRIGEL
162,"PANELA DE PRESSÃO FECHAMENTO EXTERNO 12LTS",NIGRO,0.00,0.00,4,0,0,0,0,0,_,NUTRIGEL
163,"PANELA DE PRESSÃO FECHAMENTO EXTERNO 12LTS",FULGOR,0.00,0.00,1,0,0,0,0,0,_,NUTRIGEL
164,"PANELA PIPOQUEINA",MTA,0.00,0.00,1,0,0,0,0,0,_,NUTRIGEL
165,"CILINDRO MANUAL STANDART",BOTINI,0.00,0.00,1,0,0,0,0,0,_,NUTRIGEL
166,"CILINDRO MANUAL LUXO COM PRENDEDOR",BOTINI,0.00,0.00,1,0,0,0,0,0,_,NUTRIGEL
167,"BEBEDOURO INDUSTRIAL 100LTS 3T GELADA 127V",FRISBEL,0.00,0.00,0,0,0,0,0,0,_,NUTRIGEL
168,"BEBEDOURO INDUSTRIAL 100LTS 3T GELADA 220V",FRISBEL,0.00,0.00,0,0,0,0,0,0,_,NUTRIGEL
169,"BEBEDOURO INDUSTRIAL 100LTS 3T GELADA/NATURAL 127V",FRISBEL,0.00,0.00,0,0,0,0,0,0,_,NUTRIGEL
170,"BEBEDOURO INDUSTRIAL 100LTS 3T GELADA/NATURAL 220V",FRISBEL,0.00,0.00,0,0,0,0,0,0,_,NUTRIGEL
171,"BEBEDOURO INDUSTRIAL 50LTS 2T GELADA 127V",FRISBEL,0.00,0.00,1,0,0,0,0,0,_,NUTRIGEL
172,"BEBEDOURO INDUSTRIAL 50LTS 2T GELADA 220V",FRISBEL,0.00,0.00,0,0,0,0,0,0,_,NUTRIGEL
173,"BEBEDOURO INDUSTRIAL 50LTS 2T GELADA/NATURAL 127V",FRISBEL,0.00,0.00,0,0,0,0,0,0,_,NUTRIGEL
174,"BEBEDOURO INDUSTRIAL 50LTS 2T GELADA/NATURAL 220V",FRISBEL,0.00,0.00,0,0,0,0,0,0,_,NUTRIGEL
175,"BEBEDOURO INDUSTRIAL 25LTS 2T GELADA 127V",FRISBEL,0.00,0.00,0,0,0,0,0,0,_,NUTRIGEL
176,"BEBEDOURO INDUSTRIAL 25LTS 2T GELADA 220V",FRISBEL,0.00,0.00,0,0,0,0,0,0,_,NUTRIGEL
177,"BEBEDOURO INDUSTRIAL 25LTS 2T GELADA/NATURAL 127V",FRISBEL,0.00,0.00,0,0,0,0,0,0,_,NUTRIGEL
178,"BEBEDOURO INDUSTRIAL 25LTS 2T GELADA/NATURAL 220V",FRISBEL,0.00,0.00,0,0,0,0,0,0,_,NUTRIGEL
179,"BATEDEIRA PLANETÁRIA 12LTS ",FC2,0.00,0.00,1,0,0,0,0,0,_,NUTRIGEL
180,"CONGELADOR VERTICAL TRIPLA AÇÃO PORTA DE VIDRO VCET569 2V 220V",FRICON,0.00,0.00,0,0,0,0,0,0,_,NUTRIGEL
181,"CONGELADOR VERTICAL TRIPLA AÇÃO PORTA DE VIDRO VCET569 1V 127V",FRICON,0.00,0.00,0,0,0,0,0,0,_,NUTRIGEL
182,"CONGELADOR VERTICAL TRIPLA AÇÃO PORTA DE VIDRO VCET284 2V 220V",FRICON,0.00,0.00,0,0,0,0,0,0,_,NUTRIGEL
183,"CONGELADOR VERTICAL TRIPLA AÇÃO PORTA DE VIDRO VCET284 1V 127V",FRICON,0.00,0.00,0,0,0,0,0,0,_,NUTRIGEL
184,"CONGELADOR VERTICAL TRIPLA AÇÃO PORTA CEGA VCET284 1C 127V",FRICON,0.00,0.00,1,0,0,0,0,0,_,NUTRIGEL
185,"CONGELADOR VERTICAL TRIPLA AÇÃO PORTA CEGA VCET284 2C 220V",FRICON,0.00,0.00,0,0,0,0,0,0,_,NUTRIGEL
186,"CONGELADOR VERTICAL TRIPLA AÇÃO PORTA CEGA VCET569 1C 127V",FRICON,0.00,0.00,0,0,0,0,0,0,_,NUTRIGEL
187,"CONGELADOR VERTICAL TRIPLA AÇÃO PORTA CEGA VCET569 2C 220V",FRICON,0.00,0.00,0,0,0,0,0,0,_,NUTRIGEL
188,"CERVEJEIRA VERTICAL PORTA DE VIDRO VCFC402 1V 127V",FRICON,0.00,0.00,1,0,0,0,0,0,_,NUTRIGEL
189,"CERVEJEIRA VERTICAL PORTA DE VIDRO VCFC402 2V 220V",FRICON,0.00,0.00,0,0,0,0,0,0,_,NUTRIGEL
190,"MULTIPROCESSADOR DE ALIMENTOS MPA 7 DISCOS BIVOLT",FC2,0.00,0.00,1,0,0,0,0,0,_,NUTRIGEL
191,"CILINDRO LAMINADOR 30CM INOX",FC2,3314.00,3314.00,0,0,0,0,0,0,_,NUTRIGEL
192,"CARRO SALADA 06 CUBAS CINZA",IBET,0.00,0.00,1,0,0,0,0,0,_,NUTRIGEL
193,"CARRO SALADA 08 CUBAS CINZA",IBET,0.00,0.00,0,0,0,0,0,0,_,NUTRIGEL
194,"CARRO SALADA 10 CUBAS CINZA",IBET,0.00,0.00,0,0,0,0,0,0,_,NUTRIGEL
195,"CARRO SALADA 12 CUBAS CINZA",IBET,0.00,0.00,0,0,0,0,0,0,_,NUTRIGEL
196,"CARRO TERMICO 06 CUBAS CINZA",IBET,0.00,0.00,1,0,0,0,0,0,_,NUTRIGEL
197,"CARRO TERMICO 08 CUBAS CINZA",IBET,0.00,0.00,0,0,0,0,0,0,_,NUTRIGEL
198,"CARRO TERMICO 10 CUBAS CINZA",IBET,0.00,0.00,1,0,0,0,0,0,_,NUTRIGEL
199,"CARRO TERMICO 12 CUBAS CINZA",IBET,0.00,0.00,0,0,0,0,0,0,_,NUTRIGEL
200,"CARRO TERMICO CONJUGADO 8 QUENTES 4 FRIAS",IBET,0.00,0.00,1,0,0,0,0,0,_,NUTRIGEL
201,"CARRO TERMICO CONJUGADO 6 QUENTES 3 FRIAS",IBET,0.00,0.00,0,0,0,0,0,0,_,NUTRIGEL
202,"CARRO TERMICO CONJUGADO 10 QUENTES 5 FRIAS",IBET,0.00,0.00,0,0,0,0,0,0,_,NUTRIGEL
203,"CORTADOR DE FRIOS MXT-30",GURAL,0.00,0.00,0,0,0,0,0,0,_,NUTRIGEL
204,"CORTADOR DE FRIOS AXT-30i",GURAL,0.00,0.00,1,0,0,0,0,0,_,NUTRIGEL
205,"CORTADOR DE FRIOS BM-17 250MM",BERMAR,0.00,0.00,1,0,0,0,0,0,_,NUTRIGEL
206,"MISTURELA PRMQ-10",PROGAS,0.00,0.00,2,0,0,0,0,0,_,NUTRIGEL
207,"MISTURELA PRMOG-07",PROGAS,0.00,0.00,4,0,0,0,0,0,_,NUTRIGEL
208,"DIVISORA DE MASSAS COM PEDESTAL DPC36",METVISA,0.00,0.00,1,0,0,0,0,0,_,NUTRIGEL
209,"FOGÃO INDUSTRIAL 02 BOCAS ALTA PRESSÃO INOX 40X40","CRISTAL AÇO",0.00,0.00,0,0,0,0,0,0,_,NUTRIGEL
210,"FOGÃO INDUSTRIAL 03 BOCAS ALTA PRESSÃO INOX 40X40","CRISTAL AÇO",0.00,0.00,0,0,0,0,0,0,_,NUTRIGEL
211,"FOGÃO INDUSTRIAL 04 BOCAS ALTA PRESSÃO INOX 40X40","CRISTAL AÇO",0.00,0.00,1,0,0,0,0,0,_,NUTRIGEL
212,"FOGÃO INDUSTRIAL 06 BOCAS ALTA PRESSÃO INOX 40X40","CRISTAL AÇO",0.00,0.00,0,0,0,0,0,0,_,NUTRIGEL
213,"FOGÃO INDUSTRIAL 08 BOCAS ALTA PRESSÃO INOX 40X40","CRISTAL AÇO",0.00,0.00,0,0,0,0,0,0,_,NUTRIGEL
214,"FOGÃO INDUSTRIAL 02 BOCAS BAIXA PRESSÃO INOX 40X40 TODAS DUPLAS","CRISTAL AÇO",0.00,0.00,0,0,0,0,0,0,_,NUTRIGEL
215,"FOGÃO INDUSTRIAL 03 BOCAS BAIXA PRESSÃO INOX 40X40 TODAS DUPLAS","CRISTAL AÇO",0.00,0.00,0,0,0,0,0,0,_,NUTRIGEL
216,"FOGÃO INDUSTRIAL 04 BOCAS BAIXA PRESSÃO INOX 40X40 TODAS DUPLAS","CRISTAL AÇO",0.00,0.00,0,0,0,0,0,0,_,NUTRIGEL
217,"FOGÃO INDUSTRIAL 06 BOCAS BAIXA PRESSÃO INOX 40X40 TODAS DUPLAS","CRISTAL AÇO",0.00,0.00,0,0,0,0,0,0,_,NUTRIGEL
218,"FOGÃO INDUSTRIAL 08 BOCAS BAIXA PRESSÃO INOX 40X40 TODAS DUPLAS","CRISTAL AÇO",0.00,0.00,0,0,0,0,0,0,_,NUTRIGEL
219,"FOGÃO INDUSTRIAL 02 BOCAS ALTA PRESSÃO PRETO 40X40","CRISTAL AÇO",0.00,0.00,0,0,0,0,0,0,_,NUTRIGEL
220,"FOGÃO INDUSTRIAL 03 BOCAS ALTA PRESSÃO PRETO 40X40","CRISTAL AÇO",0.00,0.00,0,0,0,0,0,0,_,NUTRIGEL
221,"FOGÃO INDUSTRIAL 04 BOCAS ALTA PRESSÃO PRETO 40X40","CRISTAL AÇO",0.00,0.00,0,0,0,0,0,0,_,NUTRIGEL
222,"FOGÃO INDUSTRIAL 06 BOCAS ALTA PRESSÃO PRETO 40X40","CRISTAL AÇO",0.00,0.00,0,0,0,0,0,0,_,NUTRIGEL
223,"FOGÃO INDUSTRIAL 08 BOCAS ALTA PRESSÃO PRETO 40X40","CRISTAL AÇO",0.00,0.00,0,0,0,0,0,0,_,NUTRIGEL
224,"FOGÃO INDUSTRIAL 02 BOCAS BAIXA PRESSÃO PRETO 40X40 TODAS DUPLAS","CRISTAL AÇO",0.00,0.00,0,0,0,0,0,0,_,NUTRIGEL
225,"FOGÃO INDUSTRIAL 03 BOCAS BAIXA PRESSÃO PRETO 40X40 TODAS DUPLAS","CRISTAL AÇO",0.00,0.00,0,0,0,0,0,0,_,NUTRIGEL
226,"FOGÃO INDUSTRIAL 04 BOCAS BAIXA PRESSÃO PRETO 40X40 TODAS DUPLAS","CRISTAL AÇO",0.00,0.00,0,0,0,0,0,0,_,NUTRIGEL
227,"FOGÃO INDUSTRIAL 06 BOCAS BAIXA PRESSÃO PRETO 40X40 TODAS DUPLAS","CRISTAL AÇO",0.00,0.00,0,0,0,0,0,0,_,NUTRIGEL
228,"FOGÃO INDUSTRIAL 08 BOCAS BAIXA PRESSÃO PRETO 40X40 TODAS DUPLAS","CRISTAL AÇO",0.00,0.00,0,0,0,0,0,0,_,NUTRIGEL
229,"FOGÃO INDUSTRIAL 02 BOCAS ALTA PRESSÃO PERFIL 7 INOX 30X30","CRISTAL AÇO",0.00,0.00,0,0,0,0,0,0,_,NUTRIGEL
230,"FOGÃO INDUSTRIAL 03 BOCAS ALTA PRESSÃO PERFIL 7 INOX 30X30","CRISTAL AÇO",0.00,0.00,0,0,0,0,0,0,_,NUTRIGEL
231,"FOGÃO INDUSTRIAL 04 BOCAS ALTA PRESSÃO PERFIL 7 INOX 30X30","CRISTAL AÇO",0.00,0.00,0,0,0,0,0,0,_,NUTRIGEL
232,"FOGÃO INDUSTRIAL 06 BOCAS ALTA PRESSÃO PERFIL 7 INOX 30X30","CRISTAL AÇO",0.00,0.00,0,0,0,0,0,0,_,NUTRIGEL
233,"FOGÃO INDUSTRIAL 08 BOCAS ALTA PRESSÃO PERFIL 7 INOX 30X30","CRISTAL AÇO",0.00,0.00,0,0,0,0,0,0,_,NUTRIGEL
234,"FOGÃO INDUSTRIAL 02 BOCAS ALTA PRESSÃO PERFIL 7 PRETO 30X30","CRISTAL AÇO",0.00,0.00,0,0,0,0,0,0,_,NUTRIGEL
235,"FOGÃO INDUSTRIAL 03 BOCAS ALTA PRESSÃO PERFIL 7 PRETO 30X30","CRISTAL AÇO",0.00,0.00,0,0,0,0,0,0,_,NUTRIGEL
236,"FOGÃO INDUSTRIAL 04 BOCAS ALTA PRESSÃO PERFIL 7 PRETO 30X30","CRISTAL AÇO",0.00,0.00,0,0,0,0,0,0,_,NUTRIGEL
237,"FOGÃO INDUSTRIAL 06 BOCAS ALTA PRESSÃO PERFIL 7 PRETO 30X30","CRISTAL AÇO",0.00,0.00,0,0,0,0,0,0,_,NUTRIGEL
238,"FOGÃO INDUSTRIAL 08 BOCAS ALTA PRESSÃO PERFIL 7 PRETO 30X30","CRISTAL AÇO",0.00,0.00,0,0,0,0,0,0,_,NUTRIGEL
239,"FOGÃO INDUSTRIAL 02 BOCAS BAIXA PRESSÃO PERFIL 7 INOX 30X30 1QS/1QD","CRISTAL AÇO",0.00,0.00,0,0,0,0,0,0,_,NUTRIGEL
240,"FOGÃO INDUSTRIAL 03 BOCAS BAIXA PRESSÃO PERFIL 7 INOX 30X30 1QS/2QD","CRISTAL AÇO",0.00,0.00,0,0,0,0,0,0,_,NUTRIGEL
241,"FOGÃO INDUSTRIAL 04 BOCAS BAIXA PRESSÃO PERFIL 7 INOX 30X30 2QS/2QD","CRISTAL AÇO",0.00,0.00,0,0,0,0,0,0,_,NUTRIGEL
242,"FOGÃO INDUSTRIAL 06 BOCAS BAIXA PRESSÃO PERFIL 7 INOX 30X30 3QS/3QD","CRISTAL AÇO",0.00,0.00,0,0,0,0,0,0,_,NUTRIGEL
243,"FOGÃO INDUSTRIAL 08 BOCAS BAIXA PRESSÃO PERFIL 7 INOX 30X30 4QS/4QD","CRISTAL AÇO",0.00,0.00,0,0,0,0,0,0,_,NUTRIGEL
244,"FOGÃO INDUSTRIAL 02 BOCAS BAIXA PRESSÃO PERFIL 7 PRETO 30X30 1QS/1QD","CRISTAL AÇO",0.00,0.00,0,0,0,0,0,0,_,NUTRIGEL
245,"FOGÃO INDUSTRIAL 03 BOCAS BAIXA PRESSÃO PERFIL 7 PRETO 30X30 2QS/1QD","CRISTAL AÇO",0.00,0.00,0,0,0,0,0,0,_,NUTRIGEL
246,"FOGÃO INDUSTRIAL 04 BOCAS BAIXA PRESSÃO PERFIL 7 PRETO 30X30 2QS/2QD","CRISTAL AÇO",0.00,0.00,0,0,0,0,0,0,_,NUTRIGEL
247,"FOGÃO INDUSTRIAL 06 BOCAS BAIXA PRESSÃO PERFIL 7 PRETO 30X30 3QS/3QD","CRISTAL AÇO",0.00,0.00,0,0,0,0,0,0,_,NUTRIGEL
248,"FOGÃO INDUSTRIAL 08 BOCAS BAIXA PRESSÃO PERFIL 7 PRETO 30X30 4QS/4QD","CRISTAL AÇO",0.00,0.00,0,0,0,0,0,0,_,NUTRIGEL
249,"FOGÃO INDUSTRIAL 02 BOCAS BAIXA PRESSÃO PERFIL 5 PRETO 30X30 1QS/1QD","CRISTAL AÇO",0.00,0.00,0,0,0,0,0,0,_,NUTRIGEL
250,"FOGÃO INDUSTRIAL 03 BOCAS BAIXA PRESSÃO PERFIL 5 PRETO 30X30 2QS/1QD","CRISTAL AÇO",0.00,0.00,0,0,0,0,0,0,_,NUTRIGEL
251,"FOGÃO INDUSTRIAL 04 BOCAS BAIXA PRESSÃO PERFIL 5 PRETO 30X30 2QS/2QD","CRISTAL AÇO",0.00,0.00,0,0,0,0,0,0,_,NUTRIGEL
252,"FOGÃO INDUSTRIAL 06 BOCAS BAIXA PRESSÃO PERFIL 5 PRETO 30X30 3QS/3QD","CRISTAL AÇO",0.00,0.00,0,0,0,0,0,0,_,NUTRIGEL
253,"FOGÃO INDUSTRIAL 08 BOCAS BAIXA PRESSÃO PERFIL 5 PRETO 30X30 4QS/4QD","CRISTAL AÇO",0.00,0.00,0,0,0,0,0,0,_,NUTRIGEL
254,"CHURRASQUEIRA 05 ESPETOS ELÉTRICA VITASMART 127V",ARKE,0.00,0.00,1,0,0,0,0,0,_,NUTRIGEL
255,"CHURRASQUEIRA 05 ESPETOS ELÉTRICA VITASMART 220V",ARKE,0.00,0.00,0,0,0,0,0,0,_,NUTRIGEL
256,"CHURRASQUEIRA 03 ESPETOS ELÉTRICA VITASMART 127V",ARKE,0.00,0.00,0,0,0,0,0,0,_,NUTRIGEL
257,"CHURRASQUEIRA 03 ESPETOS ELÉTRICA VITASMART 220V",ARKE,0.00,0.00,0,0,0,0,0,0,_,NUTRIGEL
258,"CHURRASQUEIRA 05 ESPETOS A GAS ",ARKE,0.00,0.00,0,0,0,0,0,0,_,NUTRIGEL
259,"CHURRASQUEIRA 03 ESPETOS A GAS",ARKE,0.00,0.00,1,0,0,0,0,0,_,NUTRIGEL
260,"CORTADOR DE FRIOS AGILE 300S",TOLEDO,0.00,7575.00,1,0,0,0,0,0,_,NUTRIGEL
261,"BALANÇA DIGITAL COM COLUNA DP50",RAMUZA,0.00,1380.00,1,0,0,0,0,0,_,NUTRIGEL
262,"BALANÇA DIGITAL 15KG",RAMUZA,0.00,768.00,2,0,0,0,0,0,_,NUTRIGEL
263,"BALANÇA DIGITAL PRIX 4 UNO WEBWIFI",TOLEDO,0.00,7525.00,3,0,0,0,0,0,_,NUTRIGEL
264,"BALANÇA DIGITAL PRIX 3 FIT ",TOLEDO,0.00,1133.00,4,0,0,0,0,0,_,NUTRIGEL
265,"BALANÇA DIGITAL 33KG QUICK",BALMAK,729.00,729.00,1,0,0,0,0,0,_,NUTRIGEL
266,"BALANÇA DIGITAL 33KG EDGE",BALMAK,0.00,6414.00,1,0,0,0,0,0,_,NUTRIGEL
267,"GAVETA PARA DINHEIRO COM SAÍDA PARA COMPUTADOR ",MULTIFORTE,0.00,743.00,9,0,0,0,0,0,_,NUTRIGEL
268,"GAVETA PARA DINHEIRO SEM SAÍDA PARA COMPUTADOR - MANUAL",MULTIFORTE,0.00,457.00,0,0,0,0,0,0,_,NUTRIGEL
269,"MOINHO DE PÃO",BRAESI,0.00,0.00,1,0,0,0,0,0,_,NUTRIGEL
270,"MOINHO DE PÃO",METVISA,0.00,0.00,0,0,0,0,0,0,_,NUTRIGEL
271,"PORTA CEDULAS - SEPARADOR DE DINHEIRO",MULTIFORTE,0.00,0.00,13,0,0,0,0,0,_,NUTRIGEL
272,"BEBEDOURO HERMETICO PURIFICADOR ",LIBELL,0.00,0.00,4,0,0,0,0,0,_,NUTRIGEL
273,"BEBEDOURO HERMETICO PARA GALÃO",LIBELL,0.00,0.00,1,0,0,0,0,0,_,NUTRIGEL
274,"FOGÃO DE MESA 04 BOCAS",CLARICE,0.00,0.00,1,0,0,0,0,0,_,NUTRIGEL
275,"CAFETEIRA 08LTS 127V",CONSERCAF,0.00,0.00,1,0,0,0,0,0,_,NUTRIGEL
276,"CAFETEIRA 06LTS 127V",CONSERCAF,0.00,0.00,1,0,0,0,0,0,_,NUTRIGEL
277,"CAFETEIRA 04LTS 127V",CONSERCAF,0.00,0.00,0,0,0,0,0,0,_,NUTRIGEL
278,"CAFETEIRA 02LTS 127V",CONSERCAF,0.00,0.00,0,0,0,0,0,0,_,NUTRIGEL
279,"CAFETEIRA 08LTS 220V",CONSERCAF,0.00,0.00,0,0,0,0,0,0,_,NUTRIGEL
280,"CAFETEIRA 06LTS 220V",CONSERCAF,0.00,0.00,0,0,0,0,0,0,_,NUTRIGEL
281,"CAFETEIRA 04LTS 220V",CONSERCAF,0.00,0.00,0,0,0,0,0,0,_,NUTRIGEL
282,"CAFETEIRA 02LTS 220V",CONSERCAF,0.00,0.00,0,0,0,0,0,0,_,NUTRIGEL
283,"BANQUETA BRINA",BENFATI,0.00,0.00,4,0,0,0,0,0,_,NUTRIGEL
284,"FORNO ELÉTRICO LUXO INOX 2400W 127V",LAYR,0.00,0.00,0,0,0,0,0,0,_,NUTRIGEL
285,"FORNO ELÉTRICO LUXO INOX 2400W 220V",LAYR,0.00,0.00,0,0,0,0,0,0,_,NUTRIGEL
286,"FORNO ELÉTRICO LUXO ALUMINIO 2400W 127V",LAYR,0.00,0.00,1,0,0,0,0,0,_,NUTRIGEL
287,"FORNO ELÉTRICO LUXO ALUMINIO 2400W 220V",LAYR,0.00,0.00,0,0,0,0,0,0,_,NUTRIGEL
288,"FORNO ELÉTRICO CRYSTAL INOX 1750W 127V",LAYR,0.00,0.00,0,0,0,0,0,0,_,NUTRIGEL
289,"FORNO ELÉTRICO CRYSTAL INOX 1750W 220V",LAYR,0.00,0.00,0,0,0,0,0,0,_,NUTRIGEL
290,"FORNO ELÉTRICO CRYSTAL BRANCO 1750W 127V",LAYR,0.00,0.00,1,0,0,0,0,0,_,NUTRIGEL
291,"FORNO ELÉTRICO CRYSTAL BRANCO 1750W 220V",LAYR,0.00,0.00,0,0,0,0,0,0,_,NUTRIGEL
292,"FORNO GOLD GÁS INOX",LAYR,0.00,0.00,2,0,0,0,0,0,_,NUTRIGEL
293,"FORNO ELÉTRICO LUXO PREMIUM INOX 2400W 127V",LAYR,0.00,0.00,1,0,0,0,0,0,_,NUTRIGEL
294,"FORNO ELÉTRICO LUXO PREMIUM INOX 2400W 220V",LAYR,0.00,0.00,0,0,0,0,0,0,_,NUTRIGEL
295,"FORNO ELÉTRICO TURBO FETP4A 220V",TITÃ,0.00,0.00,2,0,0,0,0,0,_,NUTRIGEL
296,"FORNO ELÉTRICO TURBO FETP4A 127V",TITÃ,0.00,0.00,2,0,0,0,0,0,_,NUTRIGEL
297,"BEBEDOURO PARA GALÃO COLUNA MASTER INOX",LIBELL,0.00,0.00,1,0,0,0,0,0,_,NUTRIGEL
298,"ESTUFA 03 BANDEJAS VIDRO CURVO LINEAR",MARCHESONI,0.00,0.00,2,0,0,0,0,0,_,NUTRIGEL
299,"ESTUFA 04 BANDEJAS VIDRO CURVO LINEAR",MARCHESONI,0.00,0.00,2,0,0,0,0,0,_,NUTRIGEL
300,"ESTUFA 05 BANDEJAS VIDRO CURVO LINEAR",MARCHESONI,0.00,0.00,2,0,0,0,0,0,_,NUTRIGEL
301,"ESTUFA 06 BANDEJAS VIDRO CURVO DUPLA",MARCHESONI,0.00,0.00,0,0,0,0,0,0,_,NUTRIGEL
302,"ESTUFA 06 BANDEJAS VIDRO CURVO LINEAR",MARCHESONI,0.00,0.00,1,0,0,0,0,0,_,NUTRIGEL
303,"ESTUFA 08 BANDEJAS VIDRO CURVO DUPLA",MARCHESONI,0.00,0.00,0,0,0,0,0,0,_,NUTRIGEL
304,"ESTUFA 08 BANDEJAS VIDRO CURVO LINEAR",MARCHESONI,0.00,0.00,0,0,0,0,0,0,_,NUTRIGEL
305,"ESTUFA 10 BANDEJAS VIDRO CURVO DUPLA",MARCHESONI,0.00,0.00,2,0,0,0,0,0,_,NUTRIGEL
306,"ESTUFA 12 BANDEJAS VIDRO CURVO DUPLA",MARCHESONI,0.00,0.00,1,0,0,0,0,0,_,NUTRIGEL
307,"FORNO ELÉTRICO MINICHEF PRPE-400 127V",MARCHESONI,0.00,0.00,1,0,0,0,0,0,_,NUTRIGEL
308,"FORNO ELÉTRICO MINICHEF PRPE-400 220V",MARCHESONI,0.00,0.00,0,0,0,0,0,0,_,NUTRIGEL
309,"MAQUINA DE GELO GMGC15A",GELOPAR,0.00,0.00,1,0,0,0,0,0,_,NUTRIGEL
310,"BATEDEIRA PLANETÁRIA ECLAIR 5LTS VERMELHA",PROGAS,0.00,0.00,2,0,0,0,0,0,_,NUTRIGEL
311,"BATEDEIRA PLANETÁRIA ECLAIR 5LTS VERDE",PROGAS,0.00,0.00,1,0,0,0,0,0,_,NUTRIGEL
312,"BATEDEIRA PLANETÁRIA ECLAIR 5LTS PRETA",PROGAS,0.00,0.00,0,0,0,0,0,0,_,NUTRIGEL
313,"BATEDEIRA PLANETÁRIA ECLAIR 5LTS ROSA",PROGAS,0.00,0.00,0,0,0,0,0,0,_,NUTRIGEL
314,"ESTANTE MODULAR PRETA",BOLIVAR,0.00,0.00,0,0,0,0,0,0,_,NUTRIGEL
315,"ESTANTE MODULAR BRANCA",BOLIVAR,0.00,0.00,4,0,0,0,0,0,_,NUTRIGEL
316,"CAIXA FRIGORIFICA 15LTS COM TAMPA COR BRANCO",BOLIVAR,0.00,0.00,2,0,0,0,0,0,_,NUTRIGEL
317,"CAIXA FRIGORIFICA 36LTS COM TAMPA COR BRANCO",BOLIVAR,0.00,0.00,24,0,0,0,0,0,_,NUTRIGEL
318,"CAIXA FRIGORIFICA 60LTS COM TAMPA COR BRANCO",BOLIVAR,0.00,0.00,10,0,0,0,0,0,_,NUTRIGEL
319,"CAIXA FRIGORIFICA 70LTS COM TAMPA COR BRANCO",BOLIVAR,0.00,0.00,0,0,0,0,0,0,_,NUTRIGEL
320,"CAIXA FRIGORIFICA 130LTS COM TAMPA COR BRANCO",BOLIVAR,0.00,0.00,0,0,0,0,0,0,_,NUTRIGEL
321,"CAIXA FRIGORIFICA 180LTS COM TAMPA COR BRANCO",BOLIVAR,0.00,0.00,3,0,0,0,0,0,_,NUTRIGEL
322,"CAIXA FRIGORIFICA 4,2LTS COM TAMPA COR BRANCO",BOLIVAR,0.00,0.00,13,0,0,0,0,0,_,NUTRIGEL
323,"CAIXA FRIGORIFICA 15LTS COM TAMPA COR PRETO",BOLIVAR,0.00,0.00,0,0,0,0,0,0,_,NUTRIGEL
324,"CAIXA FRIGORIFICA 36LTS COM TAMPA COR PRETO",BOLIVAR,0.00,0.00,11,0,0,0,0,0,_,NUTRIGEL
325,"CAIXA FRIGORIFICA 60LTS COM TAMPA COR PRETO",BOLIVAR,0.00,0.00,0,0,0,0,0,0,_,NUTRIGEL
326,"CAIXA FRIGORIFICA 70LTS COM TAMPA COR PRETO",BOLIVAR,0.00,0.00,0,0,0,0,0,0,_,NUTRIGEL
327,"CAIXA FRIGORIFICA 130LTS COM TAMPA COR PRETO",BOLIVAR,0.00,0.00,0,0,0,0,0,0,_,NUTRIGEL
328,"CAIXA FRIGORIFICA 180LTS COM TAMPA COR PRETO",BOLIVAR,0.00,0.00,3,0,0,0,0,0,_,NUTRIGEL
330,"ESTRADO 50X50X5 PRETO",BOLIVAR,0.00,0.00,16,0,0,0,0,0,_,NUTRIGEL
331,"ESTRADO 50X50X5 BRANCO",BOLIVAR,0.00,0.00,22,0,0,0,0,0,_,NUTRIGEL
332,"ESTRADO 25X50X2,5 PRETO ",BOLIVAR,0.00,0.00,0,0,0,0,0,0,_,NUTRIGEL
333,"ESTRADO 25X50X2,5 PRETO ",BOLIVAR,0.00,0.00,0,0,0,0,0,0,_,NUTRIGEL
334,"CHAPA PARA FOGÃO ",ITAJOBI,0.00,0.00,3,0,0,0,0,0,_,NUTRIGEL
335,"CHOPEIRA 3,5LTS",MARCHESONI,0.00,0.00,4,0,0,0,0,0,_,NUTRIGEL
336,"OMBRELONE 2,0M SEM ABA",BOTAFOGO,0.00,0.00,4,0,0,0,0,0,_,NUTRIGEL
337,"OMBRELONE 3,0M COM ABA",BOTAFOGO,0.00,0.00,2,0,0,0,0,0,_,NUTRIGEL
338,"BANQUETA ALATA PARA BALCÃO",FLEXSTAR,0.00,0.00,11,0,0,0,0,0,_,NUTRIGEL
339,"ENSACADEIRA DE LINGUIÇA 8KG",CAF,0.00,0.00,1,0,0,0,0,0,_,NUTRIGEL
340,"SELADORA EMBALAFIL MESA 400MM BIVOLT",RBAIAO,0.00,0.00,1,0,0,0,0,0,_,NUTRIGEL
341,"SELADORA EMBALAFIL MESA 400MM CORTE FRIO",RBAIAO,0.00,0.00,1,0,0,0,0,0,_,NUTRIGEL
342,"SELADORA DE PEDAL SEM TEMPORIZADOR 300MM BIVOLT",RBAIAO,0.00,0.00,2,0,0,0,0,0,_,NUTRIGEL
343,"SELADORA DE PEDAL COM TEMPORIZADOR 400MM BIVOLT",RBAIAO,0.00,0.00,1,0,0,0,0,0,_,NUTRIGEL
344,"VIDRO CURVO 44X86",POLIMAC,0.00,0.00,1,0,0,0,0,0,_,NUTRIGEL
345,"VIDRO CURVO 66X34,5",MARCHESONI,0.00,0.00,1,0,0,0,0,0,_,NUTRIGEL
346,"VIDRO RETO 55X1,10",PROGAS,0.00,0.00,1,0,0,0,0,0,_,NUTRIGEL
347,"VIDRO RETO 82X45",PROGAS,0.00,0.00,4,0,0,0,0,0,_,NUTRIGEL
348,"VIDRO RETO 30X83",VENANCIO,0.00,0.00,2,0,0,0,0,0,_,NUTRIGEL
349,"VIDRO RETO 30X49",VENANCIO,0.00,0.00,6,0,0,0,0,0,_,NUTRIGEL
350,"VIDRO RETO 99X32",VENANCIO,0.00,0.00,5,0,0,0,0,0,_,NUTRIGEL
351,"VIDRO RETO 30X95",PROGAS,0.00,0.00,1,0,0,0,0,0,_,NUTRIGEL
352,"VIDRO RETO 25X1,10",PROGAS,0.00,0.00,1,0,0,0,0,0,_,NUTRIGEL
353,"VIDRO RETO 45X120",PROGAS,0.00,0.00,1,0,0,0,0,0,_,NUTRIGEL
354,"VIDRO RETO 27X97","CRISTAL AÇO",0.00,0.00,1,0,0,0,0,0,_,NUTRIGEL
355,"VIDRO RETO 45X79",VENANCIO,0.00,0.00,2,0,0,0,0,0,_,NUTRIGEL
356,"VIDRO LATERAL DE ESTUFA 25X21",MARCHESONI,0.00,0.00,2,0,0,0,0,0,_,NUTRIGEL
357,"CAIXA PESCADO NITEROI 18X44X78",BOLIVAR,0.00,0.00,5,0,0,0,0,0,_,NUTRIGEL
358,"CAIXA NC 280 BRANCO VAZADA",BOLIVAR,0.00,0.00,16,0,0,0,0,0,_,NUTRIGEL
359,"CAIXA NC 480 BRANCO VAZADA",BOLIVAR,0.00,0.00,2,0,0,0,0,0,_,NUTRIGEL
360,"CAIXA NC 100 MONOBLOCO 10L",BOLIVAR,0.00,0.00,10,0,0,0,0,0,_,NUTRIGEL
361,"VENTILADOR OSCILANTE DE PAREDE 50CM BIVOLT",VENTISOL,0.00,0.00,9,0,0,0,0,0,_,NUTRIGEL
362,"VENTILADOR OSCILANTE DE PAREDE 60CM BIVOLT",VENTISOL,0.00,0.00,56,0,0,0,0,0,_,NUTRIGEL
363,"VENTILADOR OSCILANTE DE COLUNA 60CM BIVOLT",VENTISOL,0.00,0.00,7,0,0,0,0,0,_,NUTRIGEL
364,"VENTILADOR OSCILANTE DE COLUNA 60CM BIVOLT",VITALEX,0.00,0.00,1,0,0,0,0,0,_,NUTRIGEL
365,"VENTILADOR OSCILANTE DE PAREDE 50CM BIVOLT",GOAR,0.00,0.00,0,0,0,0,0,0,_,NUTRIGEL
366,"VENTILADOR OSCILANTE DE PAREDE 60CM BIVOLT",GOAR,0.00,0.00,44,0,0,0,0,0,_,NUTRIGEL
367,"EXAUSTOR 25CM 127V",VENTISOL,0.00,0.00,6,0,0,0,0,0,_,NUTRIGEL
368,"EXAUSTOR 25CM 220V",VENTISOL,0.00,0.00,0,0,0,0,0,0,_,NUTRIGEL
369,"EXAUSTOR 25CM 127V",GOAR,0.00,0.00,0,0,0,0,0,0,_,NUTRIGEL
370,"EXAUSTOR 25CM 220V",GOAR,0.00,0.00,0,0,0,0,0,0,_,NUTRIGEL
371,"EXAUSTOR 30CM 127V",VENTISOL,0.00,0.00,4,0,0,0,0,0,_,NUTRIGEL
372,"EXAUSTOR 30CM 220V",VENTISOL,0.00,0.00,2,0,0,0,0,0,_,NUTRIGEL
373,"EXAUSTOR 30CM 127V",GOAR,0.00,0.00,0,0,0,0,0,0,_,NUTRIGEL
374,"EXAUSTOR 30CM 220V",GOAR,0.00,0.00,0,0,0,0,0,0,_,NUTRIGEL
375,"EXAUSTOR 40CM 127V",VENTISOL,0.00,0.00,4,0,0,0,0,0,_,NUTRIGEL
376,"EXAUSTOR 40CM 220V",VENTISOL,0.00,0.00,1,0,0,0,0,0,_,NUTRIGEL
377,"EXAUSTOR 40CM 127V",GOAR,0.00,0.00,4,0,0,0,0,0,_,NUTRIGEL
378,"EXAUSTOR 40CM 220V",GOAR,0.00,0.00,0,0,0,0,0,0,_,NUTRIGEL
379,"EXAUSTOR 50CM 127V",VENTISOL,0.00,0.00,1,0,0,0,0,0,_,NUTRIGEL
380,"EXAUSTOR 50CM 220V",VENTISOL,0.00,0.00,3,0,0,0,0,0,_,NUTRIGEL
381,"EXAUSTOR 50CM 127V",GOAR,0.00,0.00,0,0,0,0,0,0,_,NUTRIGEL
382,"EXAUSTOR 50CM 220V",GOAR,0.00,0.00,0,0,0,0,0,0,_,NUTRIGEL
383,"EXAUSTOR 30CM LINHA PESADA 127V",GOAR,0.00,0.00,0,0,0,0,0,0,_,NUTRIGEL
384,"EXAUSTOR 30CM LINHA PESADA 220V",GOAR,0.00,0.00,2,0,0,0,0,0,_,NUTRIGEL
385,"EXAUSTOR 40CM LINHA PESADA 127V",GOAR,0.00,0.00,5,0,0,0,0,0,_,NUTRIGEL
386,"EXAUSTOR 40CM LINHA PESADA 220V",GOAR,0.00,0.00,2,0,0,0,0,0,_,NUTRIGEL
387,"EXAUSTOR 50CM LINHA PESADA 127V",GOAR,0.00,0.00,3,0,0,0,0,0,_,NUTRIGEL
388,"EXAUSTOR 50CM LINHA PESADA 220V",GOAR,0.00,0.00,5,0,0,0,0,0,_,NUTRIGEL
390,"FRITADEIRA FED-20 220V",SKYMSEN,0.00,0.00,2,,,,,,,Multimáquinas
